lambda,f1,f2,predicate,risk_1,risk_2,smape
2,0.0,0.0,VER,0.16673842385258536,0.08601609657947686,0.0
2,0.0,0.0,ER,0.07828310111341577,0.08098591549295775,0.0
2,0.0,0.0,R,0.04705868649067631,0.041750503018108655,0.0
2,91.89324801914276,65.66860672205434,VER,0.16271338291146903,0.08601609657947686,0.008209372152774317
2,91.89324801914276,65.66860672205434,ER,0.07755976753636742,0.08098591549295775,0.004838111013745037
2,91.89324801914276,65.66860672205434,R,0.04624118801975409,0.041750503018108655,0.006449206493867144
