predicate,risk,risk_type
VER,0.16673842,A
VER,0.0860161,B
ER,0.1565662,A
ER,0.08098592,B
R,0.09411737,A
R,0.0417505,B
